Country,2000 Life Expectancy,2013 Life Expectancy,2000-2013 Life Expectancy Increase,2000 Education Index,2013 Education Index,2000-2013 Education Index Increase,2000 Mean Years of Schooling,2013 Mean Years of Schooling,2000-2013 Mean Years of Schooling Increase,2000 Income Index,2013 Income Index,2000-2013 Income Index Increase,2000 GNI per Capita,2013 GNI per Capita,2000-2013 GNI per Capita Increase,2000 HDI,2013 HDI,2000-2013 HDI Increase,Agriculture,Commodity Assistance,Economic Growth,Education,Governance,Health and Population,Humanitarian,Infrastructure,Other,Region,2003-2012 Agriculture,2003-2012 Commodity Assistance,2003-2012 Economic Growth,2003-2012 Education,2003-2012 Governance,2003-2012 Health and Population,2003-2012 Humanitarian,2003-2012 Infrastructure,2003-2012 Other,2014 Population
Afghanistan,54.9,60.9,6.0,0.225522222222,0.365333333333,0.139811111111,2.1,3.2,1.1,0.328,0.445,0.117,877.0,1904.0,1027.0,0.341,0.468,0.127,94599568.0,0.0,104734655.0,158674484.0,524438584.0,113081091.0,182282027.0,284242624.0,168147907.0,South and Central Asia,3543467358.0,668943866.0,4256207743.0,2091130996.0,1.06499940207e+11,2218817682.0,2810030791.0,9501617342.0,2713473045.0,31627506.0
Albania,74.2,77.4,3.2,0.5654650508,0.608519363403,0.0430543126031,8.5,9.3,0.8,0.596,0.683,0.087,5185.0,9225.0,4040.0,0.655,0.716,0.061,0.0,0.0,2677744.0,487442.0,11305099.0,460688.0,0.0,0.0,4638485.0,Europe and Eurasia,16127099.0,25042322.0,136253117.0,3613538.0,418582615.0,81012555.0,1834370.0,24927784.0,256737338.0,2894475.0
Algeria,69.0,71.0,2.0,0.493488888889,0.642588888889,0.1491,5.9,7.6,1.7,0.686,0.73,0.044,9378.0,12555.0,3177.0,0.634,0.717,0.083,0.0,0.0,0.0,0.0,93393.0,0.0,9266192.0,492625.0,0.0,Middle East and North Africa,0.0,6217212.0,3939975.0,0.0,44148251.0,472992.0,100123052.0,4781382.0,677981.0,38934334.0
Andorra,78.9,81.2,2.3,,0.670286666667,,,10.4,,0.867,0.907,0.04,31171.0,40597.0,9426.0,,0.83,,0.0,0.0,0.0,0.0,0.0,0.0,0.0,0.0,0.0,,0.0,0.0,0.0,0.0,0.0,0.0,0.0,0.0,0.0,72786.0
Angola,45.2,51.9,6.7,0.298712355556,0.474212066667,0.175499711111,4.4,4.7,0.3,0.461,0.626,0.165,2117.0,6323.0,4206.0,0.377,0.526,0.149,0.0,0.0,714002.0,24631.0,1506298.0,34837724.0,5399578.0,0.0,5620055.0,Sub-Saharan Africa,19040244.0,87966111.0,18777431.0,5594164.0,347954076.0,618159971.0,646647525.0,3087406.0,83021933.0,24227524.0
Antigua and Barbuda,73.5,76.0,2.5,,0.681141333333,,,8.9,,0.75,0.791,0.041,14289.0,18800.0,4511.0,,0.774,,0.0,0.0,0.0,0.0,0.0,0.0,0.0,0.0,0.0,,0.0,0.0,13892.0,0.0,16149930.0,0.0,1.0,0.0,454709.0,90900.0
Argentina,73.8,76.3,2.5,0.71066528971,0.783355597053,0.0726903073429,9.1,9.8,0.7,0.724,0.778,0.054,12088.0,17297.0,5209.0,0.753,0.808,0.055,338659.0,0.0,317964.0,0.0,0.0,0.0,0.0,0.0,226095.0,Western Hemisphere,3228003.0,0.0,7380634.0,763689.0,85526741.0,1217411.0,558812.0,18913784.0,5305073.0,42980026.0
Armenia,71.5,74.6,3.1,0.668266666667,0.701366666667,0.0331,10.8,10.8,0.0,0.514,0.661,0.147,3004.0,7952.0,4948.0,0.648,0.73,0.082,0.0,147690.0,8047686.0,1476705.0,13567330.0,5499545.0,221577.0,0.0,4751180.0,Europe and Eurasia,396431950.0,33900617.0,84812867.0,15191240.0,842187651.0,160247587.0,27529030.0,173741056.0,495580984.0,3006154.0
Australia,79.6,82.5,2.9,0.8954,0.926535520426,0.0311355204264,11.9,12.8,0.9,0.881,0.911,0.03,34148.0,41524.0,7376.0,0.898,0.933,0.035,0.0,0.0,0.0,0.0,0.0,0.0,0.0,0.0,0.0,,130413.0,0.0,0.0,0.0,1268621.0,8857.0,21937.0,2255228.0,1762828.0,23490736.0
Austria,78.1,81.1,3.0,0.729521111111,0.79448102741,0.0649599162988,9.1,10.8,1.7,0.894,0.916,0.022,37079.0,42930.0,5851.0,0.835,0.881,0.046,0.0,0.0,0.0,0.0,0.0,0.0,0.0,0.0,0.0,,0.0,0.0,0.0,0.0,13279977.0,0.0,0.0,9026951.0,28422.0,8534492.0
Azerbaijan,66.9,70.8,3.9,0.637532526122,0.699777777778,0.0622452516556,10.6,11.2,0.6,0.569,0.764,0.195,4320.0,15725.0,11405.0,0.639,0.747,0.108,0.0,0.0,3885086.0,1411655.0,5566036.0,0.0,0.0,0.0,3873570.0,Europe and Eurasia,11725811.0,52329895.0,234483608.0,12625878.0,621466484.0,76681499.0,32195811.0,67951343.0,163747583.0,9537823.0
Bahrain,74.5,76.6,2.1,0.656138888889,0.713966666667,0.0578277777778,8.3,9.4,1.1,0.875,0.872,-0.003,32809.0,32072.0,-737.0,0.784,0.815,0.031,0.0,0.0,0.0,0.0,849316.0,0.0,0.0,0.0,0.0,Middle East and North Africa,0.0,0.0,213321.0,0.0,578505080.0,0.0,30649.0,0.0,0.0,1361930.0
Bangladesh,65.3,70.7,5.4,0.330374074074,0.446880444814,0.11650637074,3.7,5.1,1.4,0.403,0.499,0.096,1444.0,2713.0,1269.0,0.453,0.558,0.105,31475585.0,27243662.0,1010182.0,4301134.0,12668073.0,101870398.0,5599341.0,2101.0,34606563.0,South and Central Asia,165685535.0,724297694.0,34916067.0,91996654.0,379477374.0,689041430.0,232195272.0,64839457.0,273138068.0,159077513.0
Barbados,73.1,75.4,2.3,0.683811111111,0.739777777778,0.0559666666667,8.7,9.4,0.7,0.741,0.742,0.001,13485.0,13604.0,119.0,0.745,0.776,0.031,0.0,0.0,0.0,0.0,23846.0,0.0,0.0,0.0,4629.0,Western Hemisphere,514.0,0.0,598172.0,0.0,19579082.0,1331224.0,3810990.0,53733.0,839551.0,283380.0
Belarus,67.4,69.9,2.5,,0.819984164444,,,11.5,,0.652,0.77,0.118,7468.0,16403.0,8935.0,,0.786,,0.0,0.0,1329644.0,324972.0,5506935.0,0.0,0.0,0.0,1017452.0,Europe and Eurasia,564867.0,2808112.0,7284828.0,7111529.0,215977280.0,2888731.0,267397.0,87171483.0,41991012.0,9470000.0
Belgium,77.8,80.5,2.7,0.834773333333,0.812291688144,-0.0224816451892,10.0,10.9,0.9,0.896,0.903,0.007,37590.0,39471.0,1881.0,0.873,0.881,0.008,0.0,0.0,0.0,0.0,0.0,0.0,0.0,0.0,0.0,,0.0,0.0,253.0,0.0,39166279.0,0.0,544770.0,149584561.0,0.0,11225207.0
Belize,70.4,73.9,3.5,0.60343,0.688888888889,0.0854588888889,8.8,9.3,0.5,0.656,0.686,0.03,7676.0,9364.0,1688.0,0.675,0.732,0.057,0.0,0.0,0.0,86567.0,69084.0,1022373.0,0.0,0.0,236328.0,Western Hemisphere,874679.0,0.0,308875.0,8221834.0,85385216.0,4178068.0,896142.0,0.0,27046796.0,351706.0
Benin,55.3,59.3,4.0,0.2687,0.413555555556,0.144855555556,2.6,3.2,0.6,0.409,0.43,0.021,1503.0,1726.0,223.0,0.391,0.476,0.085,895605.0,0.0,934791.0,2386014.0,3457808.0,26166714.0,0.0,3881891.0,9047700.0,Sub-Saharan Africa,88319259.0,40402475.0,102393974.0,123512413.0,57829269.0,324119927.0,14083663.0,437957126.0,256365888.0,10598482.0
Bhutan,60.3,68.3,8.0,,0.421244444444,,,2.3,,0.541,0.637,0.096,3597.0,6775.0,3178.0,,0.584,,0.0,0.0,0.0,0.0,0.0,0.0,246312.0,0.0,0.0,South and Central Asia,52800.0,0.0,0.0,0.0,401544.0,2066385.0,3100644.0,395761.0,518794.0,765008.0
Bosnia and Herzegovina,74.9,76.4,1.5,,0.655318207778,,,8.3,,0.635,0.687,0.052,6707.0,9431.0,2724.0,,0.731,,0.0,0.0,12621262.0,0.0,24230565.0,0.0,3137846.0,0.0,7519314.0,Europe and Eurasia,22109622.0,44771030.0,220343031.0,0.0,725444295.0,437744.0,13474214.0,7584226.0,173877762.0,3817554.0
Botswana,48.7,64.4,15.7,0.5761,0.619,0.0429,7.5,8.8,1.3,0.69,0.755,0.065,9611.0,14792.0,5181.0,0.56,0.683,0.123,0.0,0.0,0.0,3311.0,198873.0,46614274.0,24631.0,0.0,291122.0,Sub-Saharan Africa,3920659.0,0.0,13069076.0,9467.0,35526665.0,1603496757.0,420869.0,2209510.0,26076183.0,2219937.0
Brazil,70.3,73.9,3.6,0.581495616667,0.661305629008,0.079810012341,5.6,7.2,1.6,0.706,0.749,0.043,10722.0,14275.0,3553.0,0.682,0.744,0.062,1800643.0,0.0,221187.0,286300.0,272264.0,1968082.0,0.0,2780763.0,7237708.0,Western Hemisphere,19636204.0,0.0,37028730.0,3854500.0,217961068.0,160265572.0,4412527.0,38518622.0,245679807.0,206077898.0
Brunei Darussalam,75.9,78.5,2.6,0.646455555556,0.692111111111,0.0456555555556,8.2,8.7,0.5,1.0,0.991,-0.009,75189.0,70883.0,-4306.0,0.822,0.852,0.03,0.0,0.0,0.0,0.0,0.0,0.0,0.0,0.0,0.0,,0.0,0.0,0.0,0.0,0.0,0.0,0.0,0.0,0.0,417394.0
Bulgaria,71.4,73.5,2.1,0.676223333333,0.749407204955,0.0731838716218,9.5,10.6,1.1,0.68,0.761,0.081,8994.0,15402.0,6408.0,0.714,0.777,0.063,0.0,0.0,0.0,591151.0,27458.0,0.0,24631.0,0.0,597062.0,Europe and Eurasia,5573793.0,0.0,24311662.0,13155098.0,526236613.0,10674904.0,4972450.0,86429545.0,122056123.0,7226291.0
Burkina Faso,50.6,56.3,5.7,,0.250033333333,,,1.3,,0.357,0.419,0.062,1062.0,1602.0,540.0,,0.388,,23330372.0,21048431.0,95070.0,1437418.0,764054.0,3871388.0,9436902.0,3309234.0,4822571.0,Sub-Saharan Africa,206389705.0,181882020.0,1663105.0,71438374.0,110594451.0,89255628.0,77774638.0,254996348.0,189126462.0,17589198.0
Burundi,48.3,54.1,5.8,0.186627777778,0.370088888889,0.183461111111,1.8,2.7,0.9,0.301,0.304,0.003,735.0,749.0,14.0,0.29,0.389,0.099,617912.0,282111.0,60722.0,0.0,4730002.0,16494922.0,12433678.0,0.0,1787857.0,Sub-Saharan Africa,20042314.0,114071152.0,15750385.0,762205.0,176724499.0,117060132.0,525107941.0,0.0,17354150.0,10816860.0
Cambodia,62.0,71.9,9.9,0.400311111111,0.495177777778,0.0948666666667,5.7,5.8,0.1,0.391,0.504,0.113,1328.0,2805.0,1477.0,0.466,0.584,0.118,10662435.0,0.0,1362600.0,944389.0,14921264.0,54569888.0,614103.0,0.0,23919965.0,East Asia and Oceania,67730511.0,16680879.0,49770566.0,20575278.0,518364174.0,772570757.0,10668203.0,1784256.0,142186820.0,15328136.0
Cameroon,52.0,55.1,3.1,0.356522222222,0.485788888889,0.129266666667,4.8,5.9,1.1,0.464,0.49,0.026,2151.0,2557.0,406.0,0.433,0.504,0.071,0.0,147787.0,0.0,1741864.0,917614.0,29481754.0,24645836.0,0.0,1216457.0,Sub-Saharan Africa,0.0,70814116.0,2837981.0,7176794.0,33016118.0,109656427.0,90363439.0,5415737.0,58847144.0,22773014.0
Canada,79.1,81.5,2.4,0.807522222222,0.8503,0.0427777777778,11.1,12.3,1.2,0.887,0.912,0.025,35567.0,41887.0,6320.0,0.867,0.902,0.035,0.0,0.0,0.0,0.0,0.0,0.0,0.0,0.0,427203.0,Western Hemisphere,119791.0,0.0,0.0,0.0,929042.0,0.0,0.0,72754960.0,516949973.0,35540419.0
Central African Republic,43.7,50.2,6.5,0.248337037037,0.317866666667,0.0695296296296,2.8,3.5,0.7,0.343,0.268,-0.075,969.0,588.0,-381.0,0.314,0.341,0.027,0.0,0.0,0.0,0.0,2209678.0,0.0,96184936.0,0.0,4414.0,Sub-Saharan Africa,15795.0,23951519.0,0.0,0.0,11308864.0,8820152.0,182066391.0,4861869.0,2327541.0,4804316.0
Chad,46.7,51.2,4.5,0.186407477778,0.255851922222,0.0694444444444,1.5,1.5,0.0,0.355,0.421,0.066,1047.0,1622.0,575.0,0.301,0.372,0.071,44334.0,0.0,0.0,0.0,130545.0,573103.0,126019981.0,0.0,340178.0,Sub-Saharan Africa,85665.0,69682825.0,30160.0,0.0,69039716.0,51688286.0,1901285517.0,0.0,13870390.0,13587053.0
Chile,76.9,80.0,3.1,0.6501,0.745675256517,0.0955752565172,8.8,9.8,1.0,0.749,0.806,0.057,14233.0,20804.0,6571.0,0.753,0.822,0.069,0.0,0.0,0.0,0.0,0.0,0.0,0.0,0.0,120200.0,Western Hemisphere,483665.0,0.0,3630533.0,105761.0,54952809.0,2128878.0,21176115.0,39083287.0,4521711.0,17762647.0
China,72.1,75.3,3.2,0.477638888889,0.609666666667,0.132027777778,6.6,7.5,0.9,0.54,0.716,0.176,3564.0,11477.0,7913.0,0.591,0.719,0.128,0.0,0.0,0.0,0.0,0.0,0.0,0.0,0.0,0.0,,0.0,0.0,0.0,0.0,0.0,0.0,0.0,0.0,0.0,1364270000.0
Colombia,71.0,74.0,3.0,0.536111111111,0.602222410838,0.0661112997267,6.5,7.1,0.6,0.667,0.717,0.05,8275.0,11527.0,3252.0,0.655,0.711,0.056,75815087.0,0.0,2675766.0,2382673.0,209490156.0,191800.0,25007309.0,2358212.0,39355852.0,Western Hemisphere,1762898668.0,8181917.0,37714553.0,5734084.0,12749230762.0,5413440.0,561348010.0,36693174.0,179938932.0,47791393.0
Comoros,57.9,60.9,3.0,,0.450419755556,,,2.8,,0.416,0.41,-0.006,1572.0,1505.0,-67.0,,0.488,,0.0,0.0,10973.0,0.0,0.0,69049.0,89897.0,0.0,0.0,Sub-Saharan Africa,0.0,0.0,37708.0,1815003.0,5207647.0,440794.0,311326.0,0.0,403362.0,769991.0
Costa Rica,77.7,79.9,2.2,0.584159259259,0.653921604156,0.0697623448972,8.0,8.4,0.4,0.676,0.735,0.059,8769.0,13012.0,4243.0,0.705,0.763,0.058,401114.0,0.0,380766.0,2429476.0,1926815.0,22307.0,2155103.0,0.0,2177982.0,Western Hemisphere,373658.0,0.0,2680020.0,16399684.0,67824303.0,2905312.0,19692043.0,3132265.0,46601951.0,4757606.0
Croatia,74.8,77.0,2.2,0.65582879139,0.770334476895,0.114505685505,9.4,11.0,1.6,0.757,0.793,0.036,14979.0,19025.0,4046.0,0.748,0.812,0.064,5123.0,0.0,0.0,0.0,0.0,0.0,24631.0,0.0,0.0,Europe and Eurasia,2912065.0,0.0,131179534.0,240484.0,258789887.0,694156.0,3577114.0,8764660.0,58954795.0,4236400.0
Cuba,76.7,79.3,2.6,0.660155555556,0.742877777778,0.0827222222222,9.6,10.2,0.6,0.709,0.799,0.09,10926.0,19844.0,8918.0,0.742,0.815,0.073,0.0,0.0,0.0,0.0,0.0,0.0,3475299.0,0.0,896651.0,Western Hemisphere,142610.0,0.0,508811.0,93109.0,286922185.0,0.0,12920289.0,52880.0,11566336.0,11379111.0
Cyprus,78.0,79.8,1.8,0.676164901836,0.77619837655,0.100033474714,10.0,11.6,1.6,0.847,0.844,-0.003,27288.0,26771.0,-517.0,0.8,0.845,0.045,0.0,0.0,0.0,0.0,0.0,0.0,0.0,0.0,285943.0,Europe and Eurasia,0.0,0.0,2447332.0,0.0,121652766.0,0.0,60398865.0,21456270.0,100734124.0,1153658.0
Czech Republic,74.7,77.7,3.0,0.782677777778,0.866222222222,0.0835444444444,11.9,12.3,0.4,0.793,0.831,0.038,19102.0,24535.0,5433.0,0.806,0.861,0.055,0.0,0.0,0.0,0.0,1109393.0,0.0,0.0,0.0,0.0,Europe and Eurasia,0.0,61469.0,162565.0,406039.0,205482008.0,939598.0,221478.0,140886361.0,23127712.0,10510566.0
Denmark,76.6,79.4,2.8,0.803716277872,0.872826055284,0.069109777412,10.5,12.1,1.6,0.904,0.916,0.012,39852.0,42880.0,3028.0,0.859,0.9,0.041,0.0,0.0,0.0,0.0,0.0,0.0,0.0,0.0,0.0,,0.0,0.0,0.0,0.0,130076.0,0.0,0.0,339592.0,0.0,5639565.0
Djibouti,57.0,61.8,4.8,,0.305877777778,,,3.8,,0.461,0.519,0.058,2109.0,3109.0,1000.0,,0.467,,17856.0,0.0,468204.0,230993.0,0.0,1654757.0,3926719.0,0.0,1270470.0,Sub-Saharan Africa,0.0,1520409.0,114091.0,58431678.0,153900716.0,41093092.0,71965507.0,5590830.0,12934704.0,876174.0
Dominica,76.5,77.7,1.2,0.617054389626,0.607498000737,-0.00955638888889,7.7,7.7,0.0,0.614,0.684,0.07,5841.0,9235.0,3394.0,0.691,0.717,0.026,0.0,0.0,0.0,0.0,0.0,0.0,0.0,0.0,0.0,,0.0,0.0,0.0,0.0,8596590.0,0.0,194634.0,0.0,66341.0,72341.0
Dominican Republic,70.6,73.4,2.8,0.53973921833,0.590170542399,0.0504313240695,6.4,7.5,1.1,0.639,0.708,0.069,6865.0,10844.0,3979.0,0.645,0.7,0.055,565618.0,274057.0,1889875.0,4141852.0,2075766.0,16040310.0,1524176.0,353193.0,12838879.0,Western Hemisphere,52332075.0,74865855.0,44693703.0,51489511.0,358913535.0,325376668.0,11267040.0,35355623.0,178200359.0,10405943.0
Ecuador,73.4,76.5,3.1,0.547010555556,0.5938375,0.0468269444444,7.0,7.6,0.6,0.636,0.696,0.06,6728.0,9998.0,3270.0,0.658,0.711,0.053,363763.0,0.0,24631.0,1625180.0,2499225.0,717441.0,12836951.0,0.0,9056589.0,Western Hemisphere,116599321.0,50240052.0,42764481.0,7387614.0,911396336.0,26549048.0,28628339.0,2426283.0,231554158.0,15902916.0
El Salvador,69.7,72.6,2.9,0.469149779561,0.553261878755,0.0841120991948,5.2,6.5,1.3,0.622,0.647,0.025,6141.0,7240.0,1099.0,0.607,0.662,0.055,413594.0,134166.0,5868701.0,11349693.0,25077908.0,75618.0,12851908.0,0.0,27537004.0,Western Hemisphere,210558958.0,69221467.0,184658071.0,100654020.0,753662418.0,190662162.0,222810684.0,556467912.0,540031388.0,6107706.0
Equatorial Guinea,47.7,53.1,5.4,0.414911111111,0.414911111111,0.0,5.4,5.4,0.0,0.609,0.815,0.206,5625.0,21972.0,16347.0,0.476,0.556,0.08,0.0,0.0,0.0,0.0,0.0,0.0,0.0,0.0,0.0,,0.0,0.0,0.0,0.0,1216735.0,636137.0,401.0,0.0,1150831.0,820885.0
Eritrea,56.1,62.9,6.8,,0.227513722222,,,3.4,,0.403,0.369,-0.034,1445.0,1147.0,-298.0,,0.381,,0.0,0.0,0.0,0.0,0.0,0.0,0.0,0.0,0.0,,25107955.0,56046905.0,110883.0,0.0,30759733.0,55993806.0,410350825.0,0.0,10453628.0,5110444.0
Estonia,70.3,74.4,4.1,0.807666666667,0.858533333333,0.0508666666667,11.7,12.0,0.3,0.747,0.824,0.077,14079.0,23387.0,9308.0,0.776,0.84,0.064,0.0,0.0,0.0,0.0,0.0,197050.0,0.0,0.0,0.0,Europe and Eurasia,0.0,0.0,2714450.0,0.0,172378608.0,1055307.0,0.0,14018879.0,11465951.0,1313645.0
Ethiopia,52.2,63.6,11.4,0.168649644444,0.31652197308,0.147872328636,1.5,2.4,0.9,0.272,0.388,0.116,607.0,1303.0,696.0,0.284,0.435,0.151,73368678.0,66242164.0,1547728.0,32056735.0,4252160.0,287191242.0,211338772.0,290822.0,27066265.0,Sub-Saharan Africa,137454762.0,728488866.0,308485350.0,321729732.0,294314829.0,3634925790.0,6469327440.0,4049691.0,188182458.0,96958732.0
Fiji,67.6,69.8,2.2,0.670839824234,0.766517427454,0.0956776032201,9.1,9.9,0.8,0.625,0.646,0.021,6254.0,7214.0,960.0,0.674,0.724,0.05,0.0,0.0,0.0,46322.0,492625.0,1315053.0,0.0,0.0,741986.0,East Asia and Oceania,211171.0,0.0,0.0,107138.0,5030364.0,4302835.0,986614.0,0.0,27485101.0,886450.0
Finland,77.7,80.5,2.8,0.765366666667,0.815088888889,0.0497222222222,8.2,10.3,2.1,0.875,0.895,0.02,32691.0,37366.0,4675.0,0.841,0.879,0.038,0.0,0.0,0.0,0.0,0.0,0.0,0.0,0.0,0.0,,0.0,0.0,0.0,0.0,0.0,0.0,0.0,75460.0,0.0,5463596.0
France,78.9,81.8,2.9,0.760927806278,0.815549416012,0.0546216097343,9.8,11.1,1.3,0.883,0.892,0.009,34617.0,36629.0,2012.0,0.848,0.884,0.036,0.0,0.0,0.0,0.0,0.0,0.0,0.0,0.0,0.0,,23550.0,0.0,304.0,0.0,211465.0,0.0,0.0,6074257.0,1698525.0,66206930.0
Gabon,59.7,63.5,3.8,0.545166666667,0.589333333333,0.0441666666667,6.1,7.4,1.3,0.756,0.776,0.02,14933.0,16977.0,2044.0,0.632,0.674,0.042,0.0,0.0,0.0,0.0,46798.0,1291075.0,0.0,0.0,0.0,Sub-Saharan Africa,480649.0,0.0,0.0,0.0,11570908.0,3418418.0,344536.0,1414791.0,34210015.0,1687673.0
Georgia,71.8,74.3,2.5,,0.770333333333,,,12.1,,0.538,0.639,0.101,3530.0,6890.0,3360.0,,0.744,,4578883.0,0.0,6420747.0,38222129.0,29782082.0,4582888.0,678623.0,32990894.0,113093638.0,Europe and Eurasia,134992601.0,126654828.0,353673944.0,53704716.0,1939772928.0,354137735.0,268434048.0,968671116.0,393992814.0,4504100.0
Germany,77.9,80.7,2.8,0.7873,0.884371952311,0.0970719523112,10.5,12.9,2.4,0.887,0.916,0.029,35497.0,43049.0,7552.0,0.854,0.911,0.057,0.0,0.0,0.0,0.0,0.0,0.0,0.0,0.0,0.0,,0.0,0.0,0.0,0.0,6256468.0,8497.0,42385.0,2297504.0,48359.0,80889505.0
Ghana,57.0,61.1,4.1,0.432522222222,0.552744444444,0.120222222222,6.3,7.0,0.7,0.47,0.538,0.068,2240.0,3532.0,1292.0,0.487,0.573,0.086,63524558.0,0.0,3149191.0,5117372.0,4646842.0,49429977.0,24631.0,4509363.0,45585376.0,Sub-Saharan Africa,656035257.0,190056521.0,220490596.0,253700471.0,262376859.0,727446512.0,40702804.0,509350757.0,344566062.0,26786598.0
Greece,78.5,80.8,2.3,0.680084444444,0.796988550822,0.116904106377,8.6,10.2,1.6,0.83,0.832,0.002,24334.0,24658.0,324.0,0.798,0.853,0.055,0.0,0.0,0.0,266017.0,15636.0,0.0,0.0,0.0,0.0,Europe and Eurasia,171.0,0.0,110468.0,543078.0,104361751.0,0.0,0.0,2275286.0,237.0,10957740.0
Grenada,70.3,72.8,2.5,,0.723975688889,,,8.6,,0.675,0.701,0.026,8744.0,10339.0,1595.0,,0.744,,0.0,0.0,0.0,0.0,0.0,0.0,0.0,0.0,0.0,,0.0,0.0,0.0,0.0,10483816.0,0.0,5815074.0,0.0,155056.0,106349.0
Guatemala,67.8,72.1,4.3,0.365338751136,0.483879889382,0.118541138246,3.7,5.6,1.9,0.624,0.639,0.015,6239.0,6866.0,627.0,0.551,0.628,0.077,21087514.0,3706499.0,2880678.0,9361508.0,18372121.0,52327999.0,147787.0,0.0,20751743.0,Western Hemisphere,94342653.0,451384420.0,41838598.0,81025758.0,655219677.0,439699859.0,134321686.0,3892741.0,277764025.0,16015494.0
Guinea,51.3,56.1,4.8,,0.294444733333,,,1.6,,0.378,0.368,-0.01,1222.0,1142.0,-80.0,,0.392,,228236.0,0.0,83627.0,1017006.0,3005362.0,9691279.0,1997721.0,0.0,7382873.0,Sub-Saharan Africa,3331495.0,66856239.0,5409646.0,74636703.0,153834209.0,219852015.0,120629710.0,344635.0,166712188.0,12275527.0
Guinea-Bissau,51.5,54.3,2.8,,0.325333333333,,,2.3,,0.281,0.361,0.08,643.0,1090.0,447.0,,0.396,,0.0,0.0,0.0,0.0,0.0,0.0,0.0,0.0,0.0,,1284785.0,0.0,873982.0,0.0,17677577.0,93247850.0,4258652.0,0.0,978869.0,1800513.0
Guyana,63.3,66.3,3.0,0.553425444444,0.581655555556,0.0282301111111,7.7,8.5,0.8,0.502,0.627,0.125,2781.0,6341.0,3560.0,0.57,0.638,0.068,0.0,0.0,0.0,835666.0,492625.0,5170371.0,0.0,0.0,525000.0,Western Hemisphere,5907031.0,14386835.0,35413160.0,6522338.0,72050478.0,285040795.0,2100366.0,0.0,36600504.0,763893.0
Haiti,57.5,63.1,5.6,0.331144374081,0.374277777778,0.0431334036967,3.9,4.9,1.0,0.424,0.422,-0.002,1660.0,1636.0,-24.0,0.433,0.471,0.038,37063228.0,5468967.0,22761728.0,4584985.0,45694997.0,152346770.0,34834790.0,6635720.0,32162482.0,Western Hemisphere,166427618.0,561646645.0,128102364.0,148240136.0,1667373167.0,1675677146.0,2777584474.0,167684600.0,405846096.0,10572029.0
Honduras,70.5,73.8,3.3,0.419294478211,0.504963148965,0.0856686707539,4.3,5.5,1.2,0.532,0.562,0.03,3393.0,4138.0,745.0,0.558,0.617,0.059,4893042.0,147787.0,9925090.0,9296792.0,32516816.0,4810184.0,1237450.0,0.0,18958644.0,Western Hemisphere,185413908.0,262665899.0,55171785.0,117510018.0,404414677.0,275317211.0,122643311.0,308675236.0,282845968.0,7961680.0
Hungary,71.8,74.6,2.8,0.754902628284,0.804893768004,0.0499911397195,10.7,11.3,0.6,0.77,0.809,0.039,16333.0,21239.0,4906.0,0.774,0.818,0.044,0.0,0.0,0.0,0.0,159416.0,0.0,4882.0,0.0,405667.0,Europe and Eurasia,0.0,0.0,976942.0,0.0,159457689.0,1257146.0,436774.0,110757435.0,41313109.0,9861673.0
Iceland,79.7,82.1,2.4,0.785633333333,0.846866666667,0.0612333333333,9.3,10.4,1.1,0.876,0.885,0.009,33070.0,35116.0,2046.0,0.858,0.895,0.037,0.0,0.0,0.0,0.0,0.0,0.0,0.0,0.0,0.0,,0.0,0.0,0.0,0.0,17685.0,0.0,0.0,0.0,26866.0,327589.0
India,62.1,66.4,4.3,0.355377777778,0.472666666667,0.117288888889,3.6,4.4,0.8,0.491,0.595,0.104,2573.0,5150.0,2577.0,0.483,0.586,0.103,5270975.0,0.0,315299.0,5245070.0,2235716.0,73910606.0,7341207.0,5639771.0,29280533.0,South and Central Asia,45955487.0,405598608.0,40851876.0,32824075.0,295705962.0,1826916567.0,151928415.0,111571206.0,381321029.0,1295291543.0
Indonesia,67.3,70.8,3.5,0.521346532302,0.603136041429,0.0817895091272,6.7,7.5,0.8,0.596,0.679,0.083,5171.0,8970.0,3799.0,0.609,0.684,0.075,3688884.0,0.0,2838945.0,35561548.0,31922328.0,43870317.0,10630755.0,559847.0,44503554.0,East Asia and Oceania,176089356.0,175946066.0,121192297.0,489741375.0,1739125903.0,858573730.0,1099615828.0,127870169.0,507812909.0,254454778.0
Iraq,70.8,69.4,-1.4,0.400666666667,0.466555555556,0.0658888888889,4.8,5.6,0.8,0.709,0.747,0.038,10900.0,14007.0,3107.0,0.606,0.642,0.036,0.0,0.0,24249053.0,0.0,80366262.0,1084874.0,248450313.0,0.0,25532229.0,Middle East and North Africa,1007623379.0,190282945.0,8558196754.0,1132658290.0,74626944536.0,8139947403.0,5968156308.0,18188231491.0,4474376061.0,34812326.0
Ireland,76.7,80.7,4.0,0.836588888889,0.887066666667,0.0504777777778,11.2,11.6,0.4,0.879,0.878,-0.001,33728.0,33414.0,-314.0,0.862,0.899,0.037,0.0,0.0,0.0,0.0,2059049.0,0.0,0.0,0.0,0.0,Europe and Eurasia,0.0,0.0,0.0,0.0,150323664.0,0.0,0.0,0.0,259724647.0,4612719.0
Israel,79.0,81.8,2.8,0.819810883438,0.854267830319,0.0344569468806,12.0,12.5,0.5,0.823,0.861,0.038,23179.0,29966.0,6787.0,0.849,0.888,0.039,0.0,0.0,0.0,1674927.0,97684.0,3054279.0,15061951.0,0.0,0.0,Middle East and North Africa,8382852.0,0.0,4371137895.0,35088758.0,56901364460.0,25572951.0,837458135.0,8189339.0,732327.0,8215300.0
Italy,79.5,82.4,2.9,0.695473333333,0.789505799327,0.0940324659936,8.4,10.1,1.7,0.882,0.874,-0.008,34400.0,32669.0,-1731.0,0.825,0.872,0.047,0.0,0.0,0.0,0.0,0.0,0.0,0.0,0.0,0.0,,427576.0,0.0,0.0,0.0,5097758.0,0.0,0.0,2939689.0,84521.0,61336387.0
Jamaica,70.5,73.5,3.0,0.588044444444,0.668355555556,0.0803111111111,8.6,9.6,1.0,0.662,0.665,0.003,8007.0,8170.0,163.0,0.671,0.715,0.044,3835.0,0.0,2747885.0,3270382.0,4905118.0,3217884.0,1651407.0,0.0,6401659.0,Western Hemisphere,12641868.0,71631113.0,54041063.0,96012588.0,171203642.0,86682167.0,47980011.0,24652342.0,169734570.0,2721252.0
Japan,81.2,83.6,2.4,0.766997044741,0.808,0.0410029552592,10.8,11.5,0.7,0.875,0.892,0.017,32692.0,36747.0,4055.0,0.858,0.89,0.032,0.0,0.0,0.0,0.0,0.0,0.0,0.0,0.0,11027.0,East Asia and Oceania,129068.0,0.0,243471.0,0.0,3385030.0,0.0,180792137.0,10491549.0,7612375.0,127131800.0
Jordan,71.7,73.9,2.2,0.670799478458,0.69972509808,0.028925619622,9.5,9.9,0.4,0.658,0.715,0.057,7776.0,11337.0,3561.0,0.705,0.745,0.04,248040.0,24630.0,42439269.0,35129867.0,31723993.0,52444001.0,424326392.0,7484947.0,201442407.0,Middle East and North Africa,5002892.0,219729442.0,377544795.0,364832999.0,7759992583.0,1795052062.0,1978028003.0,25814772.0,4855721229.0,6607000.0
Kazakhstan,63.5,66.5,3.0,0.682811111111,0.762266666667,0.0794555555556,9.9,10.4,0.5,0.685,0.796,0.111,9336.0,19441.0,10105.0,0.679,0.757,0.078,0.0,0.0,509342.0,147787.0,5457151.0,4826191.0,0.0,1164025.0,18843307.0,South and Central Asia,1321166.0,38532497.0,169961560.0,13012610.0,898875598.0,105249942.0,222738.0,844121057.0,745315577.0,17289111.0
Kenya,52.9,61.7,8.8,0.431166666667,0.514555555556,0.0833888888889,5.9,6.3,0.4,0.433,0.464,0.031,1759.0,2158.0,399.0,0.455,0.535,0.08,51589066.0,0.0,16788365.0,27318422.0,25627843.0,470440915.0,211817345.0,788200.0,35935151.0,Sub-Saharan Africa,225197918.0,180313470.0,119249625.0,101750960.0,600460857.0,5586622454.0,2438847108.0,9116289.0,353648041.0,44863583.0
Kiribati,64.6,68.9,4.3,,0.602070533333,,,7.8,,0.502,0.495,-0.007,2773.0,2645.0,-128.0,,0.607,,0.0,0.0,0.0,0.0,0.0,0.0,0.0,0.0,0.0,,0.0,0.0,0.0,0.0,168295.0,0.0,0.0,0.0,13047532.0,110470.0
Kuwait,73.1,74.3,1.2,0.636716936476,0.645787498686,0.00907056221042,6.2,7.2,1.0,1.0,1.0,0.0,95099.0,85820.0,-9279.0,0.804,0.814,0.01,0.0,0.0,0.0,0.0,0.0,0.0,0.0,0.0,0.0,,0.0,0.0,646276.0,0.0,7015191.0,0.0,0.0,0.0,0.0,3753121.0
Latvia,69.7,72.2,2.5,0.708694444444,0.813187844143,0.104493399699,9.4,11.5,2.1,0.714,0.816,0.102,11280.0,22186.0,10906.0,0.729,0.81,0.081,0.0,0.0,0.0,0.0,0.0,0.0,0.0,0.0,0.0,,0.0,0.0,1687072.0,0.0,156304873.0,367650.0,0.0,43689400.0,9961753.0,1990351.0
Lebanon,74.4,80.0,5.6,,0.630576123607,,,7.9,,0.739,0.769,0.03,13339.0,16263.0,2924.0,,0.765,,3800847.0,0.0,8148030.0,36393094.0,34384789.0,13619135.0,233403921.0,0.0,8294659.0,Middle East and North Africa,39444884.0,20754041.0,90114559.0,241934445.0,1619043700.0,98654630.0,940471610.0,13215997.0,130386250.0,4546774.0
Lesotho,47.3,49.4,2.1,0.449477777778,0.504158407415,0.0546806296376,4.9,5.9,1.0,0.461,0.503,0.042,2117.0,2798.0,681.0,0.443,0.486,0.043,0.0,0.0,198985.0,1665076.0,58624.0,54525528.0,0.0,0.0,912189.0,Sub-Saharan Africa,43550.0,3507178.0,9342240.0,5494451.0,54165194.0,716228870.0,35632921.0,0.0,145206473.0,2109197.0
Liberia,52.4,60.6,8.2,0.343977777778,0.367244444444,0.0232666666667,3.2,3.9,0.7,0.226,0.305,0.079,447.0,752.0,305.0,0.339,0.412,0.073,17585221.0,14997783.0,9652507.0,29424972.0,39039670.0,54219637.0,21111919.0,14076073.0,27639031.0,Sub-Saharan Africa,75278847.0,193477775.0,77475566.0,196480011.0,1281339419.0,381485575.0,615475978.0,113720733.0,210268349.0,4396554.0
Libya,71.9,75.3,3.4,0.624766305556,0.697888888889,0.0731225833333,5.6,7.5,1.9,0.828,0.812,-0.016,23969.0,21666.0,-2303.0,0.745,0.784,0.039,0.0,0.0,10999723.0,0.0,32089647.0,0.0,4138057.0,0.0,1765435.0,Middle East and North Africa,0.0,0.0,1576810.0,0.0,215238621.0,500298.0,398837012.0,60931234.0,19234685.0,6258984.0
Liechtenstein,78.2,79.9,1.7,,0.761544444444,,,10.3,,1.0,1.0,0.0,94170.0,87085.0,-7085.0,,0.889,,0.0,0.0,0.0,0.0,0.0,0.0,0.0,0.0,0.0,,0.0,0.0,0.0,0.0,0.0,0.0,0.0,0.0,0.0,37286.0
Lithuania,71.0,72.1,1.1,0.766829304387,0.87665989134,0.109830586953,10.9,12.4,1.5,0.722,0.826,0.104,11927.0,23740.0,11813.0,0.757,0.834,0.077,0.0,0.0,0.0,0.0,0.0,0.0,0.0,0.0,0.0,,0.0,0.0,5770501.0,0.0,152170313.0,0.0,0.0,25043741.0,11259969.0,2929323.0
Luxembourg,77.7,80.5,2.8,0.733730529825,0.762111043987,0.0283805141627,10.8,11.3,0.5,0.999,0.963,-0.036,74311.0,58695.0,-15616.0,0.866,0.881,0.015,0.0,0.0,0.0,0.0,0.0,0.0,0.0,0.0,0.0,,0.0,0.0,0.0,0.0,0.0,0.0,0.0,0.0,0.0,556074.0
Madagascar,58.5,64.7,6.2,0.398240425926,0.458425611111,0.0601851851852,5.2,5.2,0.0,0.394,0.391,-0.003,1361.0,1333.0,-28.0,0.453,0.498,0.045,68885.0,12176936.0,245098.0,1050078.0,704652.0,39696740.0,606771.0,0.0,4567323.0,Sub-Saharan Africa,30734970.0,313518307.0,106448082.0,6316651.0,144334922.0,510822152.0,53561600.0,1912700.0,296567556.0,23571713.0
Malawi,46.0,55.3,9.3,0.387611111111,0.439666666667,0.0520555555556,3.0,4.2,1.2,0.256,0.297,0.041,543.0,715.0,172.0,0.341,0.414,0.073,11787599.0,2532169.0,2958438.0,9885884.0,2342366.0,137691987.0,12078972.0,1736779.0,34777625.0,Sub-Saharan Africa,168958151.0,333163903.0,19559789.0,166300491.0,61452646.0,1082598931.0,60057724.0,28253345.0,263144306.0,16695253.0
Malaysia,72.8,75.0,2.2,0.602422222222,0.670544444444,0.0681222222222,8.2,9.5,1.3,0.752,0.814,0.062,14493.0,21824.0,7331.0,0.717,0.773,0.056,0.0,0.0,0.0,0.0,788201.0,6998.0,1305566.0,0.0,0.0,East Asia and Oceania,349767.0,0.0,4533390.0,0.0,220692754.0,14601.0,13932086.0,61601506.0,5244720.0,29901997.0
Maldives,69.3,77.9,8.6,0.48437724499,0.547543357408,0.0631661124184,4.2,5.8,1.6,0.584,0.697,0.113,4784.0,10074.0,5290.0,0.599,0.698,0.099,0.0,0.0,0.0,0.0,1674927.0,0.0,0.0,0.0,19704.0,South and Central Asia,0.0,279.0,0.0,0.0,18147302.0,0.0,3393402.0,0.0,232680.0,357415.0
Mali,49.1,55.0,5.9,0.176633512235,0.305180943161,0.128547430926,1.2,2.0,0.8,0.374,0.409,0.035,1189.0,1499.0,310.0,0.309,0.407,0.098,16281703.0,218861.0,2551523.0,7104132.0,9157247.0,38608022.0,75268519.0,0.0,14990069.0,Sub-Saharan Africa,546063955.0,106036530.0,172765391.0,207948547.0,461248831.0,560364219.0,216593168.0,455248533.0,368618343.0,17086022.0
Malta,77.4,79.8,2.4,0.615717911765,0.732538011339,0.116820099574,8.1,9.9,1.8,0.841,0.846,0.005,26168.0,27022.0,854.0,0.77,0.829,0.059,0.0,0.0,0.0,0.0,0.0,0.0,24627.0,0.0,0.0,Europe and Eurasia,0.0,0.0,865450.0,0.0,34372596.0,0.0,46694.0,531021.0,0.0,427404.0
Mauritania,59.7,61.6,1.9,0.280111111111,0.352277777778,0.0721666666667,2.9,3.7,0.8,0.474,0.513,0.039,2309.0,2988.0,679.0,0.433,0.487,0.054,615232.0,0.0,254910.0,0.0,841527.0,0.0,20777342.0,0.0,3404.0,Sub-Saharan Africa,4290231.0,97546925.0,3768146.0,126268.0,34682003.0,4892412.0,145573934.0,56500.0,36257405.0,3969625.0
Mauritius,71.2,73.6,2.4,0.574105265747,0.718096828461,0.143991562714,7.1,8.5,1.4,0.714,0.774,0.06,11280.0,16777.0,5497.0,0.686,0.771,0.085,0.0,0.0,0.0,0.0,104106.0,0.0,0.0,0.0,0.0,Sub-Saharan Africa,468898.0,0.0,88442.0,0.0,11878422.0,113382.0,92731.0,1931194.0,317744.0,1260934.0
Mexico,74.4,77.5,3.1,0.544288322661,0.637833107842,0.0935447851817,6.7,8.5,1.8,0.749,0.765,0.016,14282.0,15854.0,1572.0,0.699,0.756,0.057,102282.0,0.0,6088484.0,2409833.0,182058056.0,752896.0,0.0,1508950.0,14231352.0,Western Hemisphere,16135944.0,0.0,107758540.0,27306988.0,3779210629.0,106281928.0,11931253.0,109988002.0,328002418.0,125385833.0
Mongolia,62.9,67.5,4.6,0.531677777778,0.693666666667,0.161988888889,8.1,8.3,0.2,0.558,0.67,0.112,4014.0,8466.0,4452.0,0.58,0.698,0.118,0.0,0.0,1821293.0,2121677.0,2397301.0,367235.0,261046.0,4629.0,3549149.0,East Asia and Oceania,68592.0,113010904.0,47302180.0,98031413.0,327580107.0,69423867.0,2858059.0,391109218.0,263517148.0,2909871.0
Montenegro,74.1,74.8,0.7,,0.773555555556,,,10.5,,0.699,0.754,0.055,10245.0,14710.0,4465.0,,0.789,,0.0,0.0,0.0,0.0,2117388.0,0.0,0.0,0.0,134131.0,Europe and Eurasia,930530.0,0.0,110151239.0,0.0,237340545.0,2249326.0,1274895.0,848097.0,86311071.0,621800.0
Morocco,68.2,70.9,2.7,0.345533333333,0.467855555556,0.122322222222,3.4,4.4,1.0,0.567,0.64,0.073,4276.0,6905.0,2629.0,0.526,0.617,0.091,2201.0,0.0,1089361.0,6678829.0,8317169.0,290287.0,0.0,258295.0,9550734.0,Middle East and North Africa,773624230.0,0.0,308461330.0,162414014.0,671294940.0,42714054.0,2625723.0,19749890.0,466579012.0,33921203.0
Mozambique,47.5,50.3,2.8,0.222468649147,0.372055555556,0.149586906408,1.8,3.2,1.4,0.247,0.349,0.102,513.0,1011.0,498.0,0.285,0.393,0.108,19888392.0,0.0,6684049.0,4920592.0,4498008.0,334574248.0,2756600.0,0.0,24311548.0,Sub-Saharan Africa,353156659.0,507824406.0,69072600.0,23558670.0,282397305.0,3040978882.0,77955916.0,250064336.0,417264199.0,27216276.0
Myanmar,62.1,65.2,3.1,0.309596296296,0.370555555556,0.0609592592593,3.0,4.0,1.0,0.372,0.557,0.185,1177.0,3998.0,2821.0,0.421,0.524,0.103,0.0,0.0,0.0,0.0,0.0,0.0,0.0,0.0,0.0,,0.0,0.0,0.0,0.0,0.0,0.0,0.0,0.0,0.0,53437159.0
Namibia,55.2,64.5,9.3,0.507522222222,0.520188888889,0.0126666666667,5.6,6.2,0.6,0.627,0.683,0.056,6357.0,9185.0,2828.0,0.556,0.624,0.068,787319.0,0.0,2158296.0,4371106.0,656126.0,46655967.0,492625.0,0.0,4816531.0,Sub-Saharan Africa,74156248.0,18499642.0,92342764.0,283668986.0,65115264.0,1177487969.0,7248420.0,5726252.0,202822616.0,2402858.0
Nepal,62.1,68.4,6.3,0.336733333333,0.452311111111,0.115577777778,2.4,3.2,0.8,0.416,0.467,0.051,1572.0,2194.0,622.0,0.449,0.54,0.091,4620804.0,0.0,4229.0,15129.0,7397806.0,34386515.0,11444241.0,0.0,22590386.0,South and Central Asia,60549642.0,0.0,51507525.0,116736.0,363509613.0,542680352.0,271463544.0,3372860.0,182163987.0,28174724.0
Netherlands,78.2,81.0,2.8,0.824235555556,0.893532297346,0.0692967417908,10.8,11.9,1.1,0.905,0.914,0.009,40063.0,42397.0,2334.0,0.874,0.915,0.041,0.0,0.0,0.0,0.0,0.0,0.0,0.0,0.0,0.0,,0.0,0.0,0.0,0.0,827585.0,424880.0,0.0,6396508.0,0.0,16854183.0
New Zealand,78.2,81.1,2.9,0.884566666667,0.916766666667,0.0322,12.0,12.5,0.5,0.84,0.874,0.034,26063.0,32569.0,6506.0,0.873,0.91,0.037,0.0,0.0,0.0,0.0,0.0,0.0,0.0,0.0,0.0,,125808.0,0.0,0.0,0.0,32185.0,0.0,5059937.0,67703.0,986266.0,4509700.0
Nicaragua,69.7,74.8,5.1,0.425007407407,0.4839,0.0588925925926,4.7,5.8,1.1,0.525,0.567,0.042,3222.0,4266.0,1044.0,0.554,0.614,0.06,0.0,20296187.0,1378635.0,3169101.0,7413211.0,14565444.0,2321.0,0.0,5296307.0,Western Hemisphere,115704828.0,220856155.0,76432702.0,25731250.0,487067769.0,275918929.0,40411022.0,189786473.0,286069837.0,6013913.0
Niger,50.7,58.4,7.7,0.11757979798,0.197933333333,0.0803535353535,1.1,1.4,0.3,0.324,0.327,0.003,856.0,873.0,17.0,0.262,0.337,0.075,21907111.0,8957481.0,0.0,0.0,3672827.0,790957.0,79069714.0,0.0,2305529.0,Sub-Saharan Africa,9094325.0,274088661.0,2354057.0,2780608.0,44777498.0,85010270.0,574810069.0,866889.0,50603064.0,19113728.0
Nigeria,46.6,52.5,5.9,,0.42486,,,5.2,,0.498,0.601,0.103,2711.0,5353.0,2642.0,,0.504,,17402845.0,0.0,5199626.0,10754021.0,23139120.0,464010951.0,11967997.0,9994393.0,30275760.0,Sub-Saharan Africa,137282033.0,35711159.0,125903968.0,142192246.0,566082496.0,4798494517.0,554186.0,39152685.0,226693116.0,177475986.0
Norway,78.7,81.5,2.8,0.870211111111,0.909922222222,0.0397111111111,11.5,12.6,1.1,0.96,0.976,0.016,57405.0,63909.0,6504.0,0.91,0.944,0.034,0.0,0.0,0.0,0.0,0.0,0.0,0.0,0.0,0.0,,0.0,0.0,55643.0,0.0,56195.0,0.0,0.0,183824.0,10210.0,5136475.0
Oman,72.1,76.6,4.5,,0.603279116605,,,6.8,,0.888,0.913,0.025,35728.0,42191.0,6463.0,,0.783,,0.0,0.0,0.0,0.0,0.0,96443.0,0.0,10908.0,0.0,Middle East and North Africa,6256.0,0.0,4086186.0,620282.0,539548249.0,0.0,109686.0,25197236.0,1953197.0,4236057.0
Pakistan,63.9,66.6,2.7,0.261203418803,0.371667342716,0.110463923912,3.3,4.7,1.4,0.529,0.58,0.051,3325.0,4652.0,1327.0,0.454,0.537,0.083,15101355.0,112334.0,53178722.0,68471775.0,115272476.0,47424054.0,119610169.0,227126922.0,75401184.0,South and Central Asia,446347641.0,257593419.0,545100651.0,1331413651.0,11386350521.0,1384890485.0,4679041448.0,1194844746.0,1407006999.0,185044286.0
Palau,67.6,72.4,4.8,0.759994557976,0.786759954769,0.0267653967931,11.4,12.2,0.8,0.733,0.733,0.0,12786.0,12823.0,37.0,0.741,0.775,0.034,0.0,0.0,0.0,0.0,11586560.0,0.0,295386.0,0.0,2885689.0,East Asia and Oceania,50752.0,0.0,0.0,17441005.0,33669074.0,470841.0,1039236.0,1084946.0,349439837.0,21097.0
Panama,75.1,77.6,2.5,0.623255555556,0.657411111111,0.0341555555556,8.5,9.4,0.9,0.674,0.77,0.096,8667.0,16379.0,7712.0,0.709,0.765,0.056,0.0,0.0,0.0,1120443.0,1145675.0,621532.0,874178.0,285095.0,1300480.0,Western Hemisphere,4302045.0,0.0,10815558.0,4395046.0,334340824.0,31851642.0,1993990.0,20154557.0,117945379.0,3867535.0
Papua New Guinea,58.7,62.4,3.7,0.284838461538,0.376311111111,0.0914726495726,3.2,3.9,0.7,0.445,0.483,0.038,1898.0,2453.0,555.0,0.423,0.491,0.068,0.0,0.0,0.0,0.0,492625.0,4823218.0,1448319.0,0.0,93357.0,East Asia and Oceania,72387.0,0.0,0.0,0.0,8696866.0,29657657.0,1593386.0,403023.0,1061125.0,7463577.0
Paraguay,70.1,72.3,2.2,0.523977777778,0.587322222222,0.0633444444444,5.9,7.7,1.8,0.604,0.654,0.05,5447.0,7580.0,2133.0,0.625,0.676,0.051,498828.0,0.0,3122504.0,17089.0,8618314.0,1140452.0,504425.0,0.0,4532143.0,Western Hemisphere,3011473.0,0.0,32721045.0,5492284.0,341154096.0,59022216.0,3059350.0,1645245.0,116939571.0,6552518.0
Peru,70.5,74.8,4.3,0.642150647334,0.664337878757,0.0221872314234,8.0,9.0,1.0,0.634,0.714,0.08,6670.0,11280.0,4610.0,0.682,0.737,0.055,31908154.0,147787.0,944022.0,5510550.0,40791338.0,5847410.0,4493641.0,0.0,34934431.0,Western Hemisphere,925162691.0,205718522.0,117878218.0,91286904.0,1800239783.0,395057542.0,11045986.0,16891885.0,370638216.0,30973148.0
Philippines,66.8,68.7,1.9,0.582423333333,0.609984055543,0.0275607222095,8.0,8.9,0.9,0.566,0.628,0.062,4241.0,6381.0,2140.0,0.619,0.66,0.041,6895.0,25633353.0,11187772.0,33546502.0,22769733.0,36691485.0,83639042.0,8506752.0,40777800.0,East Asia and Oceania,36764035.0,399160420.0,227718798.0,198202681.0,1683422480.0,604410441.0,102501422.0,453643306.0,532303983.0,99138690.0
Poland,73.7,76.4,2.7,0.779609127905,0.824699931675,0.0450908037697,11.1,11.8,0.7,0.748,0.811,0.063,14167.0,21487.0,7320.0,0.784,0.834,0.05,0.0,0.0,0.0,0.0,0.0,0.0,0.0,0.0,0.0,,0.0,0.0,2883467.0,0.0,7234324309.0,1155278.0,711787.0,376378176.0,35660801.0,37995529.0
Portugal,76.6,79.9,3.3,0.656069292046,0.727614635891,0.071545343845,6.6,8.2,1.6,0.831,0.829,-0.002,24547.0,24130.0,-417.0,0.78,0.822,0.042,0.0,0.0,0.0,0.0,0.0,0.0,0.0,0.0,0.0,,1789695.0,0.0,0.0,0.0,42113075.0,0.0,172698.0,2796722.0,852085.0,10397393.0
Qatar,76.7,78.4,1.7,0.612374938942,0.685686747233,0.0733118082906,7.9,9.1,1.2,1.0,1.0,0.0,109824.0,119029.0,9205.0,0.811,0.851,0.04,0.0,0.0,0.0,0.0,0.0,0.0,0.0,0.0,0.0,,0.0,0.0,0.0,0.0,16186762.0,0.0,98402.0,1058133.0,0.0,2172065.0
Romania,70.5,73.8,3.3,0.6539,0.747894287109,0.0939942871094,9.9,10.7,0.8,0.693,0.78,0.087,9796.0,17433.0,7637.0,0.706,0.785,0.079,0.0,0.0,84682.0,0.0,112443.0,10443.0,0.0,510896.0,0.0,Europe and Eurasia,2557493.0,1141157.0,127359362.0,11364070.0,473549471.0,97420645.0,9920159.0,72236477.0,115225496.0,19910995.0
Russian Federation,65.1,68.0,2.9,0.722677777778,0.779955555556,0.0572777777778,11.3,11.7,0.4,0.734,0.819,0.085,12917.0,22617.0,9700.0,0.717,0.778,0.061,0.0,0.0,0.0,0.0,0.0,0.0,0.0,0.0,0.0,,0.0,0.0,0.0,0.0,0.0,0.0,0.0,0.0,0.0,143819569.0
Rwanda,47.7,64.1,16.4,0.278011111111,0.478166666667,0.200155555556,2.3,3.3,1.0,0.302,0.399,0.097,739.0,1403.0,664.0,0.329,0.506,0.177,25720968.0,0.0,6881956.0,10213843.0,3315321.0,96637248.0,14722638.0,4926.0,17913120.0,Sub-Saharan Africa,96573758.0,149593474.0,26730496.0,21628838.0,169683609.0,1634782291.0,137659018.0,7391750.0,130418771.0,11341544.0
Samoa,69.3,73.2,3.9,0.677196813625,0.701508208094,0.0243113944693,10.3,10.3,0.0,0.544,0.582,0.038,3668.0,4708.0,1040.0,0.654,0.694,0.04,0.0,0.0,0.0,813453.0,0.0,0.0,0.0,0.0,0.0,East Asia and Oceania,23263.0,0.0,0.0,4849053.0,971853.0,33907.0,3005426.0,0.0,17316650.0,191845.0
Sao Tome and Principe,63.3,66.3,3.0,0.392159074074,0.469165788889,0.0770067148148,4.2,4.7,0.5,0.464,0.519,0.055,2156.0,3111.0,955.0,0.495,0.558,0.063,0.0,0.0,0.0,0.0,34483.0,149274.0,0.0,0.0,465007.0,Sub-Saharan Africa,0.0,0.0,65380.0,0.0,10204429.0,1692618.0,19318.0,2144416.0,18861781.0,186342.0
Saudi Arabia,72.4,75.5,3.1,0.56527906338,0.723174097188,0.157895033808,7.4,8.7,1.3,0.903,0.945,0.042,39430.0,52109.0,12679.0,0.744,0.836,0.092,0.0,0.0,0.0,0.0,0.0,0.0,0.0,0.0,0.0,,0.0,0.0,1491564.0,0.0,13539096.0,133131.0,0.0,1123414.0,0.0,30886545.0
Senegal,57.8,63.5,5.7,0.266277777778,0.367811111111,0.101533333333,3.7,4.5,0.8,0.443,0.465,0.022,1878.0,2169.0,291.0,0.413,0.485,0.072,17304544.0,842116.0,412504.0,3964473.0,7309848.0,48384127.0,3897013.0,3107781.0,29131716.0,Sub-Saharan Africa,341836267.0,105494394.0,111270816.0,174022838.0,178595981.0,629066465.0,45366423.0,354454236.0,461589236.0,14672557.0
Serbia,72.1,74.1,2.0,0.685777777778,0.695444444444,0.00966666666667,9.2,9.5,0.3,0.658,0.714,0.056,7820.0,11301.0,3481.0,0.713,0.745,0.032,0.0,0.0,7115401.0,0.0,12829902.0,123156.0,2554430.0,0.0,6341353.0,Europe and Eurasia,54848198.0,1153826.0,332618024.0,0.0,859376068.0,9276525.0,29965799.0,27748150.0,159469898.0,7129428.0
Seychelles,71.8,73.2,1.4,0.666484444444,0.635928888889,-0.0305555555556,9.4,9.4,0.0,0.771,0.832,0.061,16483.0,24632.0,8149.0,0.743,0.756,0.013,0.0,0.0,0.0,0.0,34483.0,0.0,0.0,0.0,0.0,Sub-Saharan Africa,0.0,0.0,27800.0,0.0,15212156.0,31505.0,343844.0,0.0,123492.0,91526.0
Sierra Leone,38.1,45.6,7.5,0.273722222222,0.3045,0.0307777777778,2.4,2.9,0.5,0.344,0.438,0.094,977.0,1815.0,838.0,0.297,0.374,0.077,0.0,11525415.0,0.0,1636365.0,1476670.0,921676.0,3461865.0,0.0,1787423.0,Sub-Saharan Africa,11260571.0,143187994.0,3548568.0,11498786.0,200495583.0,30554488.0,165949873.0,271105.0,15338081.0,6315627.0
Singapore,78.3,82.3,4.0,0.606144444444,0.767777777778,0.161633333333,7.6,10.2,2.6,0.941,0.995,0.054,50692.0,72371.0,21679.0,0.8,0.901,0.101,0.0,0.0,0.0,0.0,0.0,0.0,0.0,0.0,0.0,,0.0,0.0,2391011.0,0.0,14539743.0,0.0,0.0,14647556.0,0.0,5469700.0
Slovenia,75.9,79.6,3.7,0.7938,0.86308333079,0.0692833307902,11.6,11.9,0.3,0.811,0.845,0.034,21521.0,26809.0,5288.0,0.821,0.874,0.053,0.0,0.0,0.0,0.0,0.0,0.0,0.0,0.0,0.0,,0.0,0.0,451559.0,0.0,51802888.0,0.0,107466.0,22670645.0,6162442.0,2062218.0
Solomon Islands,62.8,67.7,4.9,0.333276566667,0.405498788889,0.0722222222222,4.5,4.5,0.0,0.487,0.397,-0.09,2516.0,1385.0,-1131.0,0.475,0.491,0.016,0.0,0.0,0.0,0.0,492625.0,0.0,738937.0,0.0,0.0,East Asia and Oceania,0.0,0.0,0.0,0.0,3605296.0,0.0,1563763.0,0.0,696155.0,572171.0
South Africa,55.9,56.9,1.0,0.655240096401,0.695447163866,0.0402070674645,8.8,9.9,1.1,0.684,0.72,0.036,9280.0,11788.0,2508.0,0.628,0.658,0.03,530393.0,360612.0,8165141.0,6210910.0,8569242.0,444800558.0,3219234.0,0.0,23973034.0,Sub-Saharan Africa,3678274.0,16318693.0,116874237.0,185817692.0,363482368.0,6025316530.0,43300858.0,40987459.0,346628422.0,54001953.0
Spain,79.0,82.1,3.1,0.720953685387,0.794396972656,0.0734432872692,8.4,9.6,1.2,0.861,0.864,0.003,29819.0,30561.0,742.0,0.826,0.869,0.043,0.0,0.0,0.0,0.0,0.0,0.0,0.0,0.0,0.0,,1112797.0,0.0,0.0,0.0,65276482.0,11815.0,0.0,6712165.0,1010594.0,46404602.0
Sri Lanka,71.1,74.3,3.2,0.678861111111,0.737777777778,0.0589166666667,10.0,10.8,0.8,0.587,0.684,0.097,4859.0,9250.0,4391.0,0.679,0.75,0.071,1251186.0,0.0,7720269.0,0.0,6080078.0,836905.0,419506.0,0.0,8382330.0,South and Central Asia,726723.0,63216975.0,49206214.0,0.0,456695338.0,7242441.0,696135128.0,21901259.0,87718325.0,20639000.0
Sudan,58.0,62.1,4.1,0.206,0.305955555556,0.0999555555556,2.4,3.1,0.7,0.475,0.534,0.059,2327.0,3428.0,1101.0,0.385,0.473,0.088,0.0,804910.0,0.0,0.0,5968779.0,5361.0,135968378.0,0.0,4768402.0,Sub-Saharan Africa,27475168.0,1242184.0,0.0,0.0,63781387.0,3827200.0,213580581.0,0.0,26701938.0,39350274.0
Suriname,67.9,71.0,3.1,,0.588380289078,,,7.7,,0.658,0.758,0.1,7788.0,15113.0,7325.0,,0.705,,0.0,0.0,0.0,0.0,0.0,0.0,0.0,0.0,0.0,,0.0,0.0,11315.0,270772.0,20663328.0,4301698.0,555841.0,169.0,18479842.0,538248.0
Swaziland,48.7,49.0,0.3,0.459033333333,0.551288888889,0.0922555555556,6.0,7.1,1.1,0.61,0.606,-0.004,5668.0,5536.0,-132.0,0.498,0.53,0.032,0.0,0.0,0.0,1135029.0,0.0,42897619.0,1527744.0,0.0,564211.0,Sub-Saharan Africa,1335577.0,841844.0,1737979.0,1413338.0,6344261.0,270197074.0,15004973.0,0.0,23786918.0,1269112.0
Sweden,79.7,81.8,2.1,0.866283333333,0.83013401108,-0.0361493222531,11.0,11.7,0.7,0.883,0.917,0.034,34614.0,43201.0,8587.0,0.889,0.898,0.009,0.0,0.0,0.0,0.0,0.0,0.0,0.0,0.0,0.0,,0.0,0.0,0.0,0.0,9717.0,0.0,0.0,7076602.0,0.0,9689555.0
Switzerland,79.9,82.6,2.7,0.803632084411,0.844089208854,0.040457124443,11.4,12.2,0.8,0.939,0.95,0.011,50146.0,53762.0,3616.0,0.886,0.917,0.031,0.0,0.0,0.0,0.0,0.0,738199.0,0.0,0.0,197050.0,Europe and Eurasia,85.0,0.0,0.0,0.0,565076.0,350526.0,113427.0,128441.0,261430.0,8190229.0
Syrian Arab Republic,73.3,74.6,1.3,0.450793423255,0.553191582362,0.102398159107,5.1,6.6,1.5,0.598,0.613,0.015,5231.0,5771.0,540.0,0.605,0.658,0.053,0.0,0.0,0.0,0.0,0.0,0.0,0.0,0.0,0.0,,0.0,0.0,0.0,0.0,0.0,0.0,0.0,0.0,0.0,22157800.0
Tajikistan,63.6,67.2,3.6,0.600644444444,0.639444444444,0.0388,9.9,9.9,0.0,0.367,0.482,0.115,1134.0,2424.0,1290.0,0.529,0.607,0.078,8729334.0,0.0,1711215.0,3492595.0,13298849.0,7753380.0,98525.0,936541.0,2378702.0,South and Central Asia,66201545.0,128867179.0,80900761.0,21071365.0,484201551.0,134273144.0,98485213.0,14286548.0,146982728.0,8295840.0
Thailand,70.9,74.4,3.5,0.515787472055,0.607965283924,0.0921778118683,6.1,7.3,1.2,0.676,0.739,0.063,8771.0,13364.0,4593.0,0.649,0.722,0.073,0.0,0.0,0.0,2458981.0,9943206.0,11881142.0,39292116.0,0.0,576155.0,East Asia and Oceania,2022207.0,31815.0,9430276.0,9807009.0,406435330.0,195684758.0,385329360.0,37322529.0,50582984.0,67725979.0
Timor-Leste,59.5,67.5,8.0,0.361503144444,0.472406666667,0.110903522222,2.8,4.4,1.6,0.457,0.691,0.234,2056.0,9674.0,7618.0,0.465,0.62,0.155,1145247.0,13852563.0,492625.0,1937800.0,8647922.0,2726149.0,2086898.0,0.0,5619776.0,East Asia and Oceania,35431240.0,41907134.0,64086959.0,671351.0,262019480.0,87120548.0,21036281.0,61469.0,126659425.0,1212107.0
Togo,53.6,56.5,2.9,0.406911111111,0.514422222222,0.107511111111,4.4,5.3,0.9,0.378,0.366,-0.012,1222.0,1129.0,-93.0,0.43,0.473,0.043,0.0,0.0,0.0,828844.0,139636.0,1378059.0,0.0,0.0,948771.0,Sub-Saharan Africa,0.0,7757699.0,0.0,4370315.0,27618028.0,12364554.0,3113179.0,896691.0,42276061.0,7115163.0
Tonga,70.8,72.7,1.9,0.663666666667,0.720333333333,0.0566666666667,8.9,9.4,0.5,0.585,0.6,0.015,4796.0,5316.0,520.0,0.672,0.705,0.033,0.0,0.0,0.0,854005.0,0.0,0.0,492625.0,0.0,0.0,East Asia and Oceania,0.0,0.0,0.0,5410210.0,11133428.0,105185.0,260233.0,0.0,16011713.0,105586.0
Trinidad and Tobago,68.5,69.9,1.4,0.606568686869,0.700320688883,0.0937520020148,8.3,10.8,2.5,0.747,0.836,0.089,14070.0,25325.0,11255.0,0.697,0.766,0.069,0.0,0.0,0.0,0.0,0.0,0.0,0.0,0.0,24631.0,Western Hemisphere,9494.0,0.0,2706421.0,0.0,16364621.0,2192509.0,19211.0,1384416.0,674000.0,1354483.0
Tunisia,73.2,75.9,2.7,0.525222222222,0.621455555556,0.0962333333333,4.8,6.5,1.7,0.647,0.702,0.055,7250.0,10440.0,3190.0,0.653,0.721,0.068,0.0,0.0,3941007.0,0.0,16650754.0,24631.0,0.0,0.0,780950.0,Middle East and North Africa,1012907.0,0.0,11417662.0,0.0,539822419.0,65247.0,9611570.0,1776109.0,3682759.0,10996600.0
Turkey,70.0,75.3,5.3,0.493166666667,0.652023696899,0.158857030233,5.5,7.6,2.1,0.734,0.788,0.054,12890.0,18391.0,5501.0,0.653,0.759,0.106,0.0,95666.0,0.0,197050.0,308754.0,347932.0,93840787.0,1558337.0,373213.0,Europe and Eurasia,1232834.0,0.0,23191525.0,1196961.0,466164500.0,4635911.0,105597522.0,27805448.0,249740540.0,75932348.0
Turkmenistan,63.9,65.5,1.6,,0.678712888889,,9.9,9.9,0.0,0.608,0.717,0.109,5615.0,11533.0,5918.0,,0.698,,0.0,0.0,1930881.0,49262.0,1869060.0,754.0,0.0,218699.0,1058147.0,South and Central Asia,5028070.0,4041226.0,23084006.0,11405312.0,142899365.0,38503077.0,289128.0,3809268.0,86533409.0,5307188.0
Uganda,48.1,59.2,11.1,0.425922222222,0.478643670655,0.0527214484326,3.9,5.4,1.5,0.326,0.391,0.065,867.0,1335.0,468.0,0.392,0.484,0.092,45626932.0,9970161.0,3469505.0,22207173.0,9275078.0,313562319.0,79790144.0,5435900.0,28788863.0,Sub-Saharan Africa,321517857.0,307695413.0,51132501.0,296797546.0,360028256.0,3906201896.0,1019092886.0,56089289.0,279469423.0,37782971.0
Ukraine,67.3,68.5,1.2,0.705266666667,0.795511111111,0.0902444444444,10.7,11.3,0.6,0.581,0.666,0.085,4672.0,8215.0,3543.0,0.668,0.734,0.066,0.0,0.0,3093750.0,2432209.0,80647930.0,22842344.0,12144045.0,809877.0,16808955.0,Europe and Eurasia,21994778.0,1818184.0,430137825.0,40090205.0,1664464751.0,309725977.0,8100769.0,570229048.0,902014228.0,45362900.0
United Arab Emirates,74.2,76.8,2.6,0.604148055556,0.673214954067,0.0690668985116,8.3,9.1,0.8,1.0,0.961,-0.039,103798.0,58068.0,-45730.0,0.797,0.827,0.03,0.0,0.0,0.0,0.0,0.0,0.0,0.0,0.0,0.0,,0.0,0.0,3109578.0,0.0,12069924.0,74287.0,63488.0,14694253.0,29283.0,9086139.0
United Kingdom,77.7,80.5,2.8,0.83555079029,0.86026014506,0.0247093547703,11.6,12.3,0.7,0.868,0.885,0.017,31296.0,35002.0,3706.0,0.863,0.892,0.029,0.0,0.0,0.0,0.0,0.0,0.0,0.0,0.0,0.0,,303637.0,0.0,363502.0,0.0,18864009.0,15646.0,0.0,48238776.0,999625.0,64510376.0
United States,76.8,78.9,2.1,0.849881996098,0.889759207028,0.0398772109302,12.7,12.9,0.2,0.928,0.946,0.018,46551.0,52308.0,5757.0,0.883,0.914,0.031,0.0,0.0,0.0,0.0,0.0,0.0,0.0,0.0,0.0,,0.0,0.0,0.0,0.0,0.0,0.0,0.0,0.0,0.0,318857056.0
Uruguay,74.8,77.2,2.4,0.660484444444,0.712262429131,0.051777984687,8.0,8.5,0.5,0.728,0.785,0.057,12400.0,18108.0,5708.0,0.74,0.79,0.05,0.0,0.0,130289.0,0.0,59.0,0.0,0.0,0.0,0.0,Western Hemisphere,1255720.0,0.0,1068276.0,9430.0,16974386.0,0.0,1563806.0,5880447.0,1341585.0,3419516.0
Uzbekistan,67.0,68.2,1.2,,0.651111111111,,,10.0,,0.483,0.598,0.115,2442.0,5227.0,2785.0,,0.661,,0.0,147787.0,2973608.0,49262.0,2871251.0,2931227.0,0.0,0.0,1237397.0,South and Central Asia,17171991.0,44708406.0,70252724.0,4320645.0,311261584.0,128586223.0,4560491.0,166049518.0,231475997.0,30742500.0
Vanuatu,67.4,71.6,4.2,,0.595511111111,,,9.0,,0.488,0.495,0.007,2535.0,2652.0,117.0,,0.616,,0.0,0.0,0.0,1322713.0,3083.0,866353.0,492625.0,0.0,90593.0,East Asia and Oceania,37221.0,0.0,0.0,6212988.0,3982420.0,3696099.0,1017348.0,137346611.0,77850919.0,258883.0
Zambia,41.8,58.1,16.3,0.487518055556,0.591333333333,0.103815277778,5.9,6.5,0.6,0.463,0.509,0.046,2138.0,2898.0,760.0,0.423,0.561,0.138,12882473.0,0.0,893723.0,14794769.0,2496770.0,569429753.0,3098610.0,32020.0,59036154.0,Sub-Saharan Africa,130439956.0,102199824.0,80855017.0,179540256.0,172842462.0,3023024456.0,70577390.0,3189131.0,216508304.0,15721343.0
Zimbabwe,44.0,59.9,15.9,0.471333333333,0.499933333333,0.0286,5.9,7.2,1.3,0.451,0.388,-0.063,1984.0,1307.0,-677.0,0.428,0.492,0.064,4700604.0,19105159.0,2142891.0,0.0,15042639.0,97903860.0,15250345.0,0.0,13066498.0,Sub-Saharan Africa,82609364.0,12670643.0,14497885.0,2114895.0,414442336.0,654016652.0,1240168717.0,0.0,104702371.0,15245855.0
